"id","muni","dpto","elev_sd","elev_mean","elev_max","forest","coffee_yield","roads_all","roads_paved","roads_paths","roads_paved_sh","area","dist_guate","dist_panam"
"1-1","Chahal","Alta Verapaz",123.533608772548,248.766398965709,808.628662109375,0.902198152277795,1744.5,142587.981443191,0,107883.166302749,0,288.108025793822,144.455779259647,143.275777563766
"1-10","San Juan Chamelco","Alta Verapaz",310.475019527439,1797.98215194816,2525.94165039062,0.947743467933492,1312.33333333333,191709.676049267,8241.16985057124,175829.132316632,0.0429877616007935,231.642256023679,81.1794612763796,84.9486461203514
"1-11","San Pedro Carcha","Alta Verapaz",428.626842861866,1110.41752440086,2469.75732421875,0.876895750785626,1561.41176470588,837508.063414383,11294.2662328077,664924.195819097,0.0134855611858384,1342.26741039344,90.9311499150755,93.5072048417432
"1-12","Santa Cruz Verapaz","Alta Verapaz",164.201444359482,1539.99772403299,2052.36962890625,0.91970802919708,NA,61383.4224872373,24497.5784846538,23757.1804821432,0.399091114376155,75.2927575978887,70.126817330565,72.4079033800939
"1-13","Fray Bartolome de las Casas","Alta Verapaz",196.939111081018,322.749432444793,1425.46765136719,0.861954459203036,1755.89473684211,642607.614443696,0,452672.983814354,0,1741.61612633363,111.190853398099,115.814803598278
"1-14","Senahu","Alta Verapaz",492.473252823477,965.860027037125,2532.4794921875,0.91374936580416,1642.75,483413.731412526,0,382494.597890724,0,724.320373410587,91.2180964456628,96.0010953076856
"1-15","Tamahu","Alta Verapaz",449.676004963497,1539.87581563104,2630.81396484375,0.967334035827186,1325,51408.5444994053,0,28066.4361262247,0,87.3356587098537,75.0143263782485,78.9062884535866
"1-16","Tactic","Alta Verapaz",216.890089518173,1723.64048913755,2449.70092773438,0.953020134228188,1340,95840.4356750682,18431.9079955701,54751.2241425754,0.192318699990687,123.349879055346,67.4196282797125,70.4546927665066
"1-17","Tucuru","Alta Verapaz",501.547476430551,936.805273945983,2424.53515625,0.854775403401657,1790.5,181066.428902648,0,143330.793752669,0,210.815245892243,76.5241160201782,81.0660576158694
"1-2","Chisec","Alta Verapaz",132.625826410111,286.106252817575,861.719055175781,0.861051693404635,1750.84,492386.290112232,120844.190105786,145375.831434685,0.24542557851934,2056.61129376611,117.820967193116,108.256700424312
"1-3","Coban","Alta Verapaz",449.042040741735,571.399236633686,2441.87963867188,0.733567139592965,1503.28571428571,662117.858006853,58054.7264322361,437190.616759354,0.0876803513607018,1722.17204251474,79.8647758909594,82.2897376241198
"1-6","Lanquin","Alta Verapaz",248.226275984047,741.338321261975,1407.13134765625,0.99404052443385,1767.33333333333,134005.731909623,0,98899.8429359941,0,231.157393552718,106.111802432412,110.683924813986
"1-7","Panzos","Alta Verapaz",726.198038198397,782.114088796707,3005.77392578125,0.779176973240387,1637.625,282578.616288636,0,213393.710249693,0,816.8268419607,76.9433372151386,80.8477039614599
"1-9","San Cristobal Verapaz","Alta Verapaz",368.792783779103,1426.60623495138,2220.43090820312,0.905176260597947,1400,207072.819591531,6107.15800234573,129677.978937947,0.02949280361562,410.947688954301,71.7206014236547,67.8769712373465
"10-1","Jalapa","Jalapa",321.325264959797,1617.55408420309,2657.5849609375,0.612368856985091,1294.5,361700.549671442,63965.3105123504,170161.390041044,0.176846041761492,668.308539865273,30.9929635122021,16.7388811209104
"10-2","Mataquescuintla","Jalapa",328.19637106176,1803.02903011618,2692.3720703125,0.895099230457675,1119.33333333333,117209.357622772,6002.34031787634,72110.9776529893,0.051210419028098,226.905638837093,23.0690356111934,19.261562671006
"10-3","Monjas","Jalapa",140.177031764254,1078.74375786615,1651.71520996094,0.141255605381166,1379,107605.3147269,26433.2325815099,30786.7897613924,0.245649879363271,164.333986588363,56.312280636572,11.3023101060831
"10-4","San Carlos Alzatate","Jalapa",215.019888064014,1901.82908251235,2490.95239257812,0.669354838709677,NA,41755.0165314191,5745.02834790222,24341.0158297773,0.137588937213791,68.3280623981128,40.7089253660713,18.4775399137804
"10-5","San Luis Jilotepeque","Jalapa",179.594979439371,888.451030592225,1619.0595703125,0.361763494025546,1742.5,128254.095796135,8933.73063122828,72053.0769911927,0.0696564938201179,223.077651794033,75.8468166270558,19.0240031604612
"10-6","San Manuel Chaparron","Jalapa",137.354037429544,978.242209240697,1427.54699707031,0.203065134099617,1630,58817.8977118782,0,27055.8447459903,0,120.377339198177,69.6161903315877,12.4144873993416
"10-7","San Pedro Pinula","Jalapa",256.742508422243,1271.11955629482,2050.84399414062,0.516556291390728,1536.2,202042.915929415,11876.6449130162,158819.331062285,0.0587827831447718,501.369244660465,57.3389454203391,21.3426797760998
"11-1","Agua Blanca","Jutiapa",162.61285675077,855.248655747345,1630.16845703125,0.220687079910381,1610.66666666667,177553.842379514,12658.0507680018,101797.874926562,0.071291336748127,247.489008433621,85.9891203030698,8.32948234502335
"11-10","Jutiapa","Jutiapa",315.281434280153,1151.30809643129,2092.66259765625,0.250735726898175,1239.28571428571,331342.555058254,58530.9024205692,149258.306732006,0.176647706511102,627.915767303819,51.8086563075583,0
"11-11","Moyuta","Jutiapa",381.888233801235,284.86945689717,1657.97985839844,0.377341659232828,994.5,233984.494311622,49635.3342970153,130751.232020379,0.212130869795631,417.974259012538,74.4142500666133,14.6592759147645
"11-12","Pasaco","Jutiapa",85.8558618619216,72.5107314237847,477.201171875,0.231942215088282,864,79405.6608928957,46626.032679761,28696.1542008856,0.587187766658744,158.048811366535,71.605332529609,26.5895413052042
"11-13","Quesada","Jutiapa",238.583135843428,1194.72744886666,1874.85888671875,0.355244755244755,1301.5,93180.1118505033,34140.8767673815,28135.5013259958,0.36639660641486,132.054109278,49.1728276961353,0
"11-14","San Jose Acatempa","Jutiapa",182.054831173064,1282.75836535399,1844.29797363281,0.665195460277427,1149,43865.755225747,19998.1896427484,16786.7646597665,0.455895254506195,146.415691570504,45.8597802874121,0
"11-15","Santa Catarina Mita","Jutiapa",239.834916434396,1002.72553432777,2015.26599121094,0.377757766771724,1455.66666666667,120692.435254284,31724.183436309,62051.1971843382,0.262851465126792,205.14597362313,69.2629237031798,0.764737320370415
"11-16","Yupiltepeque","Jutiapa",152.941893847747,970.556857120968,1437.0595703125,0.1264,1239,60259.42281813,4177.23495863777,16177.3736345732,0.0693208591002465,57.5513776962044,85.3552674909367,5.642140170045
"11-17","Zapotitlan","Jutiapa",192.374513431213,794.541670475237,1221.65466308594,0.186666666666667,NA,41406.6532133907,0,19745.0657668131,0,83.4779141005243,84.2823798214454,11.0064466465513
"11-2","Asuncion Mita","Jutiapa",144.045015041642,594.919718151255,1084.93969726562,0.0988218744505011,1134.5,287401.892933766,32747.444316066,148634.460255282,0.113943036288954,524.293723912635,81.8195918738768,0
"11-3","Atescatempa","Jutiapa",141.949896958041,763.510999276842,1337.83447265625,0.242489270386266,1135,59989.541617129,11606.5788014234,17056.9930244343,0.193476704247884,86.1994801153017,88.6643541366574,0
"11-4","Comapa","Jutiapa",301.870434115709,829.554597972003,1435.03186035156,0.155895691609977,1161,78879.3354198876,4798.6648231815,55520.9583520552,0.0608355128455054,163.006513831063,71.4265814952349,6.52126982951712
"11-5","Conguaco","Jutiapa",269.90766706287,744.327537973071,1399.64624023438,0.269016697588126,1189,77740.7813018128,7207.00384648832,57717.1933748049,0.0927055751923639,149.16183180145,76.6834396287268,15.3816631942833
"11-6","El Adelanto","Jutiapa",189.634864086213,922.869331201837,1396.8134765625,0.275,NA,18112.2346603106,0,14794.2280465327,0,29.1068511281145,81.2325315219541,11.4611189922652
"11-7","El Progreso","Jutiapa",110.628255224857,1038.57247710945,1549.67614746094,0.0723742277140335,1458.5,81443.2912792284,31489.0574094445,21952.8033476379,0.386637830014559,104.286759166628,66.6034451071155,0
"11-8","Jalpatagua","Jutiapa",219.711530545251,670.894883505191,1334.73583984375,0.158509454949944,1117.66666666667,88920.9287713453,46681.6596076286,40019.3743831559,0.524979442440009,165.979194963985,64.8222362680937,1.28203487505299
"11-9","Jerez","Jutiapa",205.265948952057,814.841564202074,1753.90307617188,0.230636833046472,NA,28204.9842043647,0,13279.1100493865,0,53.6105256065207,94.7376646710767,8.53783339742519
"12-1","Dolores","Peten",115.851801194965,303.05722393089,855.227416992188,0.57213809812235,1741,359207.289185244,44428.5004926697,156914.257919755,0.123684852257433,3018.61386977347,193.454696565764,196.899227303221
"12-10","San Francisco","Peten",31.5299465480368,179.903524658321,280.951934814453,0.736036036036036,1751.25,155662.17762381,8939.0172636564,61916.5366714311,0.0574257497878475,405.812100256845,225.446285452264,207.187842390303
"12-11","San Jose","Peten",57.9910610074927,297.054437255728,1483.47814941406,0.89647657101344,1764.41666666667,126104.874343236,0,91774.1684521429,0,1692.14496915316,263.142101413996,247.832675201122
"12-12","San Luis","Peten",109.861434859346,268.573998974385,713.5703125,0.833951702141509,1731.41176470588,388771.229373201,56482.1438073967,106715.89937109,0.145283754403484,2813.04842450483,156.133938227754,160.688079945455
"12-13","Santa Ana","Peten",66.3183481262966,254.655689138312,414.757751464844,0.606080312144367,1766.91666666667,247899.873794532,69810.7113378308,71502.8862634752,0.281608498904249,1121.78700744251,231.642328022664,224.656065390259
"12-14","Sayaxche","Peten",20.6620255028245,148.332927974302,298.910247802734,0.677288101111309,1744.27272727273,219237.039096546,86997.0931969716,90093.2974566715,0.396817497424149,3592.21058365996,157.426408301948,140.763317674621
"12-3","Flores","Peten",70.7155723537497,237.201001170558,466.514312744141,0.854902994169768,1764.05405405405,564100.543758429,92525.0185593494,356650.080606107,0.164022211258446,4296.43541846048,258.153028370599,244.034871984128
"12-4","La Libertad","Peten",79.6613531368864,172.528096430907,666.480773925781,0.574549816863841,1524.40963855422,585788.548357113,149961.642976439,232814.211847873,0.255999615214427,7132.24606272395,203.177774593181,159.733790159501
"12-6","Melchor de Mencos","Peten",65.680563331167,206.754777675228,524.555847167969,0.794885487124718,1769.875,408419.755236461,12545.8781949172,322311.857088061,0.03071809831445,2295.88370830884,271.342606042493,274.805164164853
"12-7","Poptun","Peten",194.046252041391,451.68570751341,992.542297363281,0.696582449147078,1722.5,183878.441743156,29384.4571873908,133753.485294491,0.159803710042504,1560.53816921565,181.387349321834,184.519791276321
"12-8","San Andres","Peten",72.5550181403665,127.845270449774,809.926025390625,0.79703118867881,1553.15384615385,752616.851937783,0,466591.887107386,0,8163.52805380341,261.068350738605,204.732739967168
"12-9","San Benito","Peten",33.3587037324783,170.125133779904,276.845520019531,0.293370944992948,1757,54423.2215950972,0,29894.843257071,0,130.478851284621,252.417536268482,233.194497867885
"13-1","Almolonga","Quetzaltenango",135.991817077201,2391.46656839585,2723.38916015625,0.25,NA,15335.0833686973,2682.64198165751,12652.4413870398,0.174934946042318,13.3332095935713,107.683435813426,6.79401895043191
"13-10","Genova","Quetzaltenango",179.443909120839,203.681208878652,797.61083984375,0.268266085059978,879.75,77789.5761348748,24333.1695607094,37807.3118358251,0.312807586437025,168.311667465215,138.677764624571,43.3603349864757
"13-11","Huitan","Quetzaltenango",126.536472796469,2706.87698938943,3106.5634765625,0.12532637075718,0,30103.2140538034,0,15080.6070109246,0,35.3080579536791,126.88573599523,6.0027243702831
"13-12","La Esperanza","Quetzaltenango",36.394407105962,2473.53932471784,2645.95556640625,0,NA,30238.5110679959,3929.0170632782,17863.2349191405,0.129934210531835,13.4522796916932,118.106393649449,12.522429604831
"13-13","Olintepeque","Quetzaltenango",171.092107896754,2517.41571681288,3079.27587890625,0.138888888888889,0,40225.239340687,7787.82850236438,26674.1824226034,0.193605523049981,32.974414775875,112.491032258105,6.56770310598331
"13-14","Palestina de Los Altos","Quetzaltenango",151.294593451022,2824.96883486747,3174.17333984375,0.209932279909707,NA,40204.3779493809,5851.84190291365,28223.4839126344,0.145552355275373,40.4795653263478,128.977972614867,15.7459115439549
"13-15","Quetzaltenango","Quetzaltenango",235.843313568781,2543.45631975446,3742.24633789062,0.16256157635468,0,129218.147397602,26278.0240490167,97674.2419749697,0.203361714884827,130.17213487341,107.447671746671,5.46415462284186
"13-16","Salcaja","Quetzaltenango",24.2084068374056,2366.59619931217,2398.32788085938,0,1039,21840.6483949673,7465.63791990008,11866.3252914861,0.341823089905169,18.1581176261229,106.398109157103,0.796239079046022
"13-17","San Carlos Sija","Quetzaltenango",359.079995722844,2551.97278740318,3295.67358398438,0.236230110159119,773.666666666667,174653.14667969,15067.71312036,115044.962556288,0.0862722109896697,224.183519148966,118.96355622868,0
"13-18","San Francisco La Union","Quetzaltenango",99.9695906905715,2815.36118351329,3077.73486328125,0.116504854368932,NA,16985.5847797431,2521.88450523232,9529.96689243365,0.148472044850637,19.0158706041489,116.277135229439,6.03221998797379
"13-19","San Juan Ostuncalco","Quetzaltenango",527.931995368647,2383.79804555272,3299.97485351562,0.548829701372074,0,93505.2395864491,14888.6681974449,62195.4674127891,0.15922817013564,113.925761421635,122.7220034846,16.3051507526862
"13-2","Cabrican","Quetzaltenango",203.223922478447,2519.45688814075,3208.3623046875,0.248453608247423,0,63571.3016053579,0,57951.8656764441,0,89.0371093558907,128.72754147507,6.45812039956947
"13-20","San Martin Sacatepequez","Quetzaltenango",536.568151392693,2090.79446492916,3352.92309570312,0.738200125865324,562.5,92195.1646785698,17367.6335799922,59749.0402029453,0.188379007082886,145.858694450501,120.315018211644,18.6934320572711
"13-21","San Mateo","Quetzaltenango",217.925874319885,2766.52695286924,3267.91796875,0.330882352941176,NA,14788.0034802813,2262.1836035823,11868.4674700535,0.152974240680884,12.410803983755,119.406920706442,16.1828564015253
"13-22","San Miguel Siguila","Quetzaltenango",183.169658691182,2606.49869482778,3086.84228515625,0.203703703703704,NA,11459.7275049679,0,5062.4093814646,0,14.7894309390963,121.779980825644,12.2288405163735
"13-23","Sibilia","Quetzaltenango",104.851748751016,2825.27672765539,3116.05712890625,0.0406852248394004,0,61438.2891401074,0,51144.2052781263,0,43.1696253791733,126.612622790277,10.5007792048644
"13-24","Zunil","Quetzaltenango",500.496449427986,2196.2581828623,3531.30981445312,0.674744897959184,NA,38258.2571814557,27114.3705418567,11143.8866395991,0.708719438349098,71.8908655209156,104.813720244143,8.77598109729624
"13-3","Cajola","Quetzaltenango",150.91046171173,2668.67048848231,3162.22607421875,0.288288288288288,NA,25998.0411380986,0,14001.7920418418,0,20.7697814981421,121.779980825644,10.8029846299658
"13-4","Cantel","Quetzaltenango",295.989233322631,2614.23778046335,3343.05078125,0.317604355716878,0,47855.4513664635,9783.89707859421,38071.5542878693,0.204446866537145,50.9182212230852,101.599938074039,1.28846252075696
"13-5","Coatepeque","Quetzaltenango",152.522122135586,139.341042938432,719.283508300781,0.116481602438493,856.666666666667,263176.442732939,58792.410668613,110392.354241935,0.223395415099038,421.631370512125,142.754592026044,45.3910448343381
"13-6","Colomba Costa Cuca","Quetzaltenango",344.086796214181,909.888774349473,2405.73291015625,0.880112834978843,1149,205645.820906171,36935.4003070087,142112.377305697,0.179606860690162,195.657342542956,128.502221492315,30.2891804187553
"13-7","Concepcion Chiquirichapa","Quetzaltenango",175.961123729198,2814.44400687576,3252.06274414062,0.305084745762712,NA,13068.0699167114,6519.21683965936,5959.71863401019,0.498866082077096,21.7303873999012,121.800935311521,18.1833112629573
"13-8","El Palmar","Quetzaltenango",436.347742015724,1136.47738738394,2808.79931640625,0.744120940649496,1149,101890.514972708,17036.7853102686,69516.5018829326,0.1672067838192,164.877708792366,113.722297511964,19.5454975457134
"13-9","Flores Costa Cuca","Quetzaltenango",148.383560642979,311.127042013828,710.155212402344,0.360810810810811,943,63841.6521032266,5599.87434760838,29653.4174474017,0.0877150600450291,68.2572152552687,142.591719623399,46.1079294835331
"14-1","Canilla","Quiche",178.021177333699,1259.73100113128,1978.09777832031,0.18232044198895,1175,70319.6761368766,0,57653.6708106766,0,99.8333099516818,67.3352002152838,35.1343202839149
"14-10","Nebaj","Quiche",583.46756420163,1958.66007846297,11093.732421875,0.878654801802843,693.5,399984.457828552,0,281953.702736444,0,792.731703132931,110.167107940026,24.6453715551931
"14-12","Patzite","Quiche",114.472212103561,2169.64561546921,2478.36865234375,0.195439739413681,1184,49897.4941464993,9906.02211044461,17380.6039910192,0.198527446716271,56.2903785052146,80.2569655480674,9.75555158438032
"14-13","Sacapulas","Quiche",257.225818986239,1565.2867942191,2448.94360351562,0.195821185617104,1145.66666666667,224485.960363654,15148.4014786155,150045.523805408,0.0674803958968125,377.162891352405,83.7777918096491,15.4858845405523
"14-14","San Andres Sajcabaja","Quiche",332.07761870733,1484.61976033223,2329.54174804688,0.26266318537859,1205,112848.40672924,0,85314.4688859917,0,175.662866534184,73.6359198044699,27.2847877376572
"14-15","San Antonio Ilotenango","Quiche",84.4720136096928,1980.75403861812,2297.95678710938,0.0809141445336628,1199,135793.32499971,43817.7021845823,25000.3845137431,0.322679352498924,148.767118062306,81.8980189235462,15.4011654098199
"14-16","San Bartolome Jocotenango","Quiche",175.969590597682,1572.02125632955,2116.90454101562,0.343832020997375,1165.5,83866.0662719347,0,68895.1220879555,0,104.807107197479,78.1584537549211,30.3429381606452
"14-17","San Juan Cotzal","Quiche",357.326138416073,1930.93570505574,2995.94165039062,0.957081545064378,645.5,128961.471171506,0,93181.5699788989,0,170.979108499111,96.8603107679311,34.5714744929166
"14-18","San Pedro Jocopilas","Quiche",190.912002308088,1928.90638928447,2557.85815429688,0.324182242990654,1184.4,181477.566638029,24035.0311801203,104903.512701226,0.132440783868676,314.158571195824,75.4864925658004,17.2753937017207
"14-19","Santa Cruz del Quiche","Quiche",157.420802505425,2149.14727117386,2612.19287109375,0.469721767594108,1236,105910.160589574,27676.332679222,62415.1336673591,0.261318956794655,112.147974918302,77.3180848480261,9.56332773427206
"14-2","Chajul","Quiche",615.780694566495,1205.80588053529,2669.50756835938,0.843256239981681,1227.45454545455,175628.793474744,0,93107.9559731956,0,799.082752920289,102.811023559786,40.1499231323991
"14-20","Chicaman","Quiche",672.327275258589,792.45071773753,2735.08154296875,0.620579974960241,1275.36111111111,785404.033300434,0,403310.900649052,0,2708.07341791156,63.4488392398929,47.0470269422998
"14-21","Zacualpa","Quiche",285.303409805485,1834.02834657089,2493.7900390625,0.737062404870624,1215,113084.402584702,6280.01539098791,88771.4281717971,0.0555338777713762,242.008414048673,57.423356324961,21.2850193564895
"14-4","Chiche","Quiche",96.2978954389471,1954.03150356408,2202.76391601562,0.313232830820771,1247,86868.5968189051,25396.6620392916,26906.6882148481,0.292357226538792,109.296990454503,65.6864373171592,10.7510775457478
"14-5","Santo Tomas Chichicastenango","Quiche",244.828658092156,2225.12447364119,2857.20043945312,0.610285714285714,748.666666666667,130253.178444981,28795.6422480509,62789.9055581936,0.221074392132505,241.325622232718,62.4084235853536,0
"14-6","Chinique","Quiche",150.495592323704,2094.54355506499,2430.61401367188,0.830903790087464,NA,56337.3044232715,14006.8093347939,37292.5793966178,0.248624059638324,63.2767142750767,69.8982927445916,18.3205216950368
"14-7","Cunen","Quiche",335.35413643712,2286.25638292042,3002.35571289062,0.768045417680454,550,161410.208911215,0,135996.135015449,0,226.206771918945,89.8359396606028,30.8471413491666
"14-9","Joyabaj","Quiche",290.507237592174,1559.28329622024,2391.29370117188,0.530232558139535,1153,210219.414112708,52566.5170629557,110526.619235927,0.250055482671892,474.440909124052,31.7388982484933,9.52150414100292
"15-1","Champerico","Retalhuleu",14.3903613148947,23.8768955898082,67.7900161743164,0.0208162147356889,768,151478.163951168,18100.8143647429,101414.614658735,0.119494545567492,335.576672968968,143.778525098272,64.8364671547332
"15-2","El Asintal","Retalhuleu",165.610003114996,279.92431859379,743.669189453125,0.485436893203884,NA,81013.4246762454,13119.8531061191,52424.5343106118,0.16194665462607,94.8323383566509,133.298628061794,39.3309122468615
"15-3","Nuevo San Carlos","Retalhuleu",232.799590681875,536.276213685335,1286.59106445312,0.701161562829989,1009,84136.996519086,16805.6821260484,49950.4396389183,0.199741883135038,87.0351198130716,126.767371264759,31.5496465810055
"15-4","Retalhuleu","Retalhuleu",58.7429453352837,58.9110511294221,330.995269775391,0.0803870043000478,803.5,358372.694910192,47125.3185978747,212848.119988786,0.131498072445738,774.925477573875,127.726941714979,40.0558004072308
"15-5","San Andres Villa Seca","Retalhuleu",100.657713596384,81.1923877297676,728.75634765625,0.0689655172413793,802,127483.507181171,21345.0041826445,70015.6018377419,0.167433455939602,432.36336999735,116.948922424799,29.888432553657
"15-6","San Felipe","Retalhuleu",226.873871767524,676.922924153035,1360.78393554688,0.609406952965235,1056,46244.8964260714,18635.5833805347,20218.1698981018,0.402975999964151,44.70374297514,111.939890950629,21.8666646197534
"15-7","San Martin Zapotitlan","Retalhuleu",74.4472337731421,563.646477302192,733.552124023438,0.563025210084034,NA,15967.7648275409,11168.4707737464,4799.29405379448,0.699438581064473,10.9024639032274,116.948922424799,29.888432553657
"15-8","San Sebastian","Retalhuleu",43.1281830636652,319.55421903273,427.844909667969,0.378640776699029,NA,14511.2901431075,14511.2901431075,0,1,18.7135891936626,124.071346187459,36.6770973856429
"15-9","Santa Cruz Mulua","Retalhuleu",120.26588513663,192.730907629324,527.530029296875,0.166793602437167,959,99050.0369397169,16252.5395049849,68723.1799650467,0.16408413370786,121.03918633855,119.790161815062,33.8267400008825
"16-1","Alotenango","Sacatepequez",636.353306875608,1709.95474370237,3921.75073242188,0.835514018691589,1029,17233.180143632,13821.4971854896,1630.37194970126,0.802028242628035,98.7762483138117,33.9670592833509,14.5990019654463
"16-10","San Miguel Duenas","Sacatepequez",496.186425361717,1957.90260375932,3849.314453125,0.854430379746835,1111,22000.4736600784,1403.26548230687,1831.27353012663,0.0637834213930223,43.9957918100982,34.4218895568182,9.63007364772005
"16-11","Santa Catarina Barahona","Sacatepequez",189.046092110445,1760.20727364676,2139.99389648438,0.505263157894737,NA,6952.60936895281,0,5373.90086584132,0,8.33086712474553,34.1088499263723,8.15574795798617
"16-12","Santa Lucia Milpas Altas","Sacatepequez",93.4552774510503,1933.13341800988,2249.54296875,0.535714285714286,NA,19647.6838924089,19647.6838924089,0,1,15.4479663701799,18.2087368411288,2.04171566696305
"16-13","Santa Maria de Jesus","Sacatepequez",351.294370409997,2049.57937166528,3714.45727539062,0.711309523809524,1154,27802.8436170574,12817.673539979,6004.19488155948,0.461020236509737,61.7896214470002,22.5698179265682,8.15084351683483
"16-14","Santiago Sacatepequez","Sacatepequez",109.875237568935,2063.79635438948,2504.87548828125,0.272138228941685,1211,38302.6134029114,13623.3143652355,5871.68360553418,0.35567584441118,42.3767841996683,16.4913715105985,0
"16-15","Santo Domingo Xenacoj","Sacatepequez",136.59500887391,1916.24407087392,2236.0361328125,0.5,NA,19073.3043560229,1994.73847047305,1920.91479707853,0.104582742100645,27.8773381327535,20.4805156402125,0
"16-16","Sumpango","Sacatepequez",154.749692567808,1866.47261424446,2496.92138671875,0.358595194085028,NA,37726.8502690777,8836.38524448597,12942.8463965576,0.234220062938267,49.9055954725137,24.7028242662673,0
"16-2","Ciudad Vieja","Sacatepequez",411.135740194127,1810.09801844015,3751.00830078125,0.420365535248042,NA,19374.2682397326,13136.6211392247,0,0.678044764151881,35.1745594801982,31.0718907858499,8.58629263451509
"16-3","Jocotenango","Sacatepequez",200.324903401624,1819.28796981509,2477.57885742188,0.732673267326733,NA,3774.47641266472,3363.44460713627,411.03180552845,0.891102298546815,9.60075377747154,24.8053697974835,2.65139660500898
"16-4","Antigua Guatemala","Sacatepequez",296.052336243196,1845.74070038226,3723.15942382812,0.64524765729585,1175,43972.5463306071,28513.3806408092,9426.18474923917,0.648435967897597,68.936447029259,22.6113786983065,1.49329797652716
"16-5","Magdalena Milpas Altas","Sacatepequez",139.144586742118,2070.81721835666,2478.51342773438,0.557692307692308,NA,13710.5200731702,5248.72074632649,5678.84138617514,0.382824336226134,14.450311448634,20.2908810082848,4.75587926918838
"16-6","Pastores","Sacatepequez",157.375728624922,1806.03600774629,2267.96313476562,0.522248243559719,NA,27529.9519563204,5716.56566048117,10091.1629089126,0.207648951569229,39.0382846269524,26.707968395412,0.323160979680762
"16-7","San Antonio Aguas Calientes","Sacatepequez",170.382313224144,1656.69115155857,2110.0791015625,0.366666666666667,NA,3869.08717977507,828.75320119996,671.033619117955,0.214198637221749,5.37723097955868,32.3912693638489,7.84204886164027
"16-8","San Bartolome Milpas Altas","Sacatepequez",97.8597007017734,2205.40786918734,2491.58642578125,0.597826086956522,NA,5662.03547263653,2266.70846856253,3395.327004074,0.400334558043141,8.38372753487319,20.6946334620992,0
"16-9","San Lucas Sacatepequez","Sacatepequez",148.186870859445,2011.88453300089,2299.9580078125,0.627906976744186,NA,24531.8239396283,17317.1786047861,5550.43749655147,0.705906688691509,27.6843607594041,14.1611612610372,0
"17-1","Ayutla","San Marcos",23.894280167166,44.9409248705799,120.491806030273,0.0733695652173913,796.5,89546.6532082121,29054.1746424515,36895.1772864925,0.324458520799156,115.651051678156,171.230645750195,66.4836129801127
"17-10","La Reforma","San Marcos",707.591470672543,1201.89392329293,3022.55615234375,0.887096774193548,1241,44199.9897028154,0,25991.1385510835,0,74.296122473932,143.181373623759,33.6154621385736
"17-11","Malacatan","San Marcos",217.455173736546,355.703763341624,1052.8017578125,0.450554751567776,941,155746.337578786,22652.1107724476,91601.7831031654,0.145442333505844,230.183056351577,168.008454779425,54.8360457153375
"17-12","Nuevo Progreso","San Marcos",702.665198512622,815.137588576608,3263.80126953125,0.755045233124565,1125,110884.677534927,0,63303.7895779454,0,131.991110131753,144.980329045758,34.2667891914189
"17-13","Ocos","San Marcos",5.09883202598362,9.1922864459076,30.6827354431152,0.0326370757180157,707,58227.6871367076,28118.3987129229,20537.7983107861,0.482904269353963,144.162167600836,169.447849766593,74.9249149502443
"17-14","Pajapita","San Marcos",71.2214661556496,103.44186520348,343.600677490234,0.131924198250729,NA,86129.7588065637,25569.9460778121,43736.1101997603,0.296877019419488,125.872020567851,161.120614295947,56.8798421372156
"17-15","Rio Blanco","San Marcos",115.97650084175,2525.97370923567,2774.19702148438,0.0168539325842697,NA,33964.775972209,0,23549.372220818,0,33.1149821231015,134.546589260567,15.1336014459643
"17-16","San Antonio Sacatepequez","San Marcos",205.634617152441,2577.57629463718,2856.376953125,0.312236286919831,0,45342.0683034618,9018.28885599184,25597.1709384553,0.198894518786284,43.8558736443599,133.536811932527,18.1577641334426
"17-17","San Cristobal Cucho","San Marcos",373.852801616153,1980.527064935,2885.78686523438,0.408602150537634,NA,15215.6180607327,0,5378.83995320086,0,25.4986568216011,138.600405692383,28.4077398974608
"17-18","San Jose El Rodeo","San Marcos",144.858402759833,543.060991322456,1021.10748291016,0.844444444444444,NA,53835.1378821806,7975.42597579309,20526.6377793791,0.148145361738415,49.4669733851435,160.422576215216,47.5860677156447
"17-19","San Jose Ojetenam","San Marcos",359.604905660825,2991.07321076732,3678.7431640625,0.409448818897638,0,86806.7017506456,0,69827.022882338,0,81.0331375478307,165.53315829793,27.635183314172
"17-2","Catarina","San Marcos",101.655401135773,233.888600244165,580.284240722656,0.264870931537598,930,82655.741221928,10593.63237455,40933.3125634452,0.12816571744371,81.4593991168684,167.761281164559,56.4677503074775
"17-20","San Lorenzo","San Marcos",120.139667217351,2758.16336255134,3091.79296875,0.197530864197531,NA,49096.7081031427,7482.81905964712,31573.4734584885,0.152409791791482,44.5476979014602,137.697096207239,20.4716056610125
"17-21","San Marcos","San Marcos",495.681279990115,2654.76402100681,9484.9287109375,0.527553269654666,587,87841.4536460315,20357.9421542309,61794.3692155023,0.231757801234322,125.602284355956,142.202842694573,28.669785225376
"17-22","San Miguel Ixtahuacan","San Marcos",347.498747734243,2183.83973574181,2917.29443359375,0.19167429094236,599.5,134868.344467184,0,116750.708356399,0,200.114546111524,140.789089302745,7.59456075118789
"17-23","San Pablo","San Marcos",692.823868330355,1226.52833898756,3960.92431640625,0.844951140065147,1128,84322.1720511165,24495.620882673,42147.1699610481,0.290500354614012,140.850377258214,153.036467999038,36.5673924855116
"17-24","San Pedro Sacatepequez","San Marcos",330.612126348549,2424.02503480098,3433.97631835938,0.409477521263669,1021,85227.2047138157,17027.188339589,47792.8996986353,0.199785835951849,75.3821093617497,136.120071050179,21.4872579705144
"17-25","San Rafael Pie de la Cuesta","San Marcos",216.390730923734,1137.118189389,1793.98669433594,0.90234375,NA,63322.0408146097,20362.0387694047,35739.4308918509,0.32156321096819,46.4298714048517,153.318665139536,40.5822661425082
"17-26","Sibinal","San Marcos",542.94181934591,2456.19559442346,4051.52490234375,0.713455953533398,1216,61710.3543435366,0,57549.1854884844,0,94.6940944230052,172.822674342447,39.7938067459568
"17-27","Sipacapa","San Marcos",267.499090252775,2161.20754434889,2862.2490234375,0.104756170981337,1142.5,102367.768682353,0,75881.3068389289,0,151.835163408809,133.092154344844,2.93661354484064
"17-28","Tacana","San Marcos",485.664110742122,2435.37547897472,3581.90063476562,0.473581847649919,754.75,250823.521755644,0,192975.899297517,0,379.1908378939,168.746174363006,27.7352753659668
"17-29","Tajumulco","San Marcos",671.456558484244,2006.24604451963,4198.2001953125,0.809747292418773,1049.66666666667,129085.192330172,0,118803.515191674,0,253.638559585351,157.13361496412,33.9249403897234
"17-3","Comitancillo","San Marcos",251.201614041039,2538.65115108859,3042.97021484375,0.0559345156889495,392,85597.3987806347,0,57876.4409225542,0,133.577596109149,138.481387227394,14.1163138915811
"17-30","Tejutla","San Marcos",258.519649883183,2733.31977691076,3558.4677734375,0.137672090112641,0,120547.719327889,0,80927.405953257,0,146.13860473584,148.615947935587,22.9835580484834
"17-4","Concepcion Tutuapa","San Marcos",323.514738929372,2575.30238389025,3434.90185546875,0.481037924151697,711.666666666667,173166.612310221,0,167771.84112711,0,230.139196831459,156.723485947166,8.93335604601421
"17-5","El Quetzal","San Marcos",396.439094211984,875.335588724409,2154.06640625,0.849297573435504,1241,64251.3268736673,0,19502.6320645272,0,72.071490093404,140.822731508591,33.9175514592573
"17-6","El Tumbador","San Marcos",484.639336848294,842.370719424113,2822.14111328125,0.902793296089386,1016,143756.451600326,19266.4400524702,65278.9282276019,0.134021394086959,164.657772116131,148.0464153568,37.3455544957906
"17-7","Esquipulas Palo Gordo","San Marcos",382.813527240399,2310.72896286096,3166.22338867188,0.826171875,NA,31714.5117000023,9637.25051661276,22077.2611833896,0.30387510322639,47.6695965272256,146.035653267297,33.2055290727073
"17-8","Ixchiguan","San Marcos",293.211142850149,2892.98820593923,3555.65966796875,0.376315789473684,0,104568.920773873,0,74586.9455700474,0,104.970064728344,154.325536453202,30.4502390901221
"18-1","Barberena","Santa Rosa",159.213022446265,1149.64773430998,1626.50805664062,0.821237993596585,1157,123493.853295052,15874.4966404338,29381.1046830994,0.128544832126231,173.077254805086,27.0538504408236,0
"18-10","San Rafael las Flores","Santa Rosa",223.874953773042,1573.63246167193,2321.03051757812,0.536082474226804,1135.5,29548.3089311719,9697.87122464965,9182.95677265751,0.328203933674827,107.422400431724,31.0669320959879,15.6479636410741
"18-11","Santa Cruz Naranjo","Santa Rosa",158.98607603379,1303.15550174161,1751.66613769531,0.713125845737483,1206,37984.6995652391,13463.2584540325,4034.49431259599,0.354438987490456,68.1997097110001,21.8270779087778,3.40849886702017
"18-12","Santa Maria Ixhuatan","Santa Rosa",245.079782442664,1037.01253419867,1674.99853515625,0.766383495145631,1118.33333333333,71943.158047659,9163.4181001059,62779.7399475531,0.127370251025616,151.622441846021,48.5501428044968,1.40955971443243
"18-13","Santa Rosa de Lima","Santa Rosa",280.262143218824,1348.15756790148,2145.41430664062,0.740378741600489,1112.5,86304.6628437773,7404.67816167377,33944.9769884886,0.0857969652819014,150.58726496918,18.3855286922382,6.3930619721601
"18-14","Taxisco","Santa Rosa",317.837512046431,182.109816629938,1941.85705566406,0.350428877769836,791.666666666667,184903.66339473,50367.6743862827,115719.206515719,0.27239954829212,519.169474390503,50.467175589546,17.5994062008757
"18-2","Casillas","Santa Rosa",232.637061364035,1515.45013247637,2120.1767578125,0.730422401518747,1141,94355.3529114306,7812.44858888583,50178.6202271718,0.0827981492074881,194.064522516758,28.4767966258889,6.16145011220994
"18-3","Chiquimulilla","Santa Rosa",275.429455536666,175.375985590941,1613.47229003906,0.271774569166279,819.25,262810.761429063,44656.2536520143,121850.938218228,0.169917903700712,540.274787053631,50.1310137292562,8.76689666149369
"18-4","Cuilapa","Santa Rosa",229.801448079659,919.969786709712,1873.79736328125,0.652941176470588,1137.33333333333,98360.4894298181,37017.4829176761,36474.3854517666,0.376345045986058,187.711650355049,37.8810169971411,0
"18-5","Guazacapan","Santa Rosa",260.026223006998,223.115090858,1413.03039550781,0.315988647114475,NA,52994.7142678463,19291.7129176434,14688.7605686342,0.364030888441799,98.0480595120714,55.3672985853129,18.2734277819961
"18-6","Nueva Santa Rosa","Santa Rosa",268.956623787534,1247.74245813557,2158.02709960938,0.658608058608059,1168,88168.3121414657,12588.4119874432,29667.9579188888,0.142777055403365,126.511689767619,27.970926990384,3.19965222679802
"18-7","Oratorio","Santa Rosa",240.394379443603,632.364290152532,1469.51721191406,0.42724899121766,1088.2,159614.957948762,27680.8052959772,82033.0178845188,0.173422376271672,389.076636591267,49.9220693349105,0
"18-8","Pueblo Nuevo Vinas","Santa Rosa",312.50088362914,1049.05450638239,1943.87182617188,0.82264449722882,1099.33333333333,127322.381338061,33059.6804462963,36548.4438496273,0.259653331165065,233.751428750147,33.025781483402,0
"18-9","San Juan Tecuaco","Santa Rosa",174.846565507385,329.872103880647,894.894714355469,0.504983388704319,910,29942.8133374325,0,23629.7803290229,0,83.7576858691428,61.8976822439216,15.989731062967
"19-1","Concepcion","Solola",190.562948386798,2106.41714670507,2612.56665039062,0.660098522167488,1014,7982.4650025922,5447.73016272553,1091.07117505083,0.682462141826673,18.4907841709306,69.3841431827345,3.07111811107624
"19-10","San Pablo La Laguna","Solola",201.461854872069,1840.56828724905,2487.05810546875,0.14,NA,4139.12964408847,2832.91422747632,0,0.684422685702128,4.60614019764713,85.451866365108,5.53959887877816
"19-11","San Pedro La Laguna","Solola",324.543704046023,2046.78078923321,3017.419921875,0.837259100642398,1164,23605.6020279912,3690.70394596453,0,0.156348647307878,42.7774756469784,81.5322445836131,10.5047062756218
"19-12","Santa Catarina Ixtahuacan","Solola",598.978943232132,1758.19828244392,3011.42846679688,0.810511089681774,737.333333333333,77275.4209576598,7876.07888743037,47769.4518775911,0.101922173827377,190.56495770117,89.9354815162253,0
"19-13","Santa Catarina Palopo","Solola",164.371982829514,1929.78039863515,2256.18481445312,0.507246376811594,1168,9877.9627447106,9877.9627447106,0,1,6.29904166834722,68.4513861582325,10.8315473525517
"19-14","Santa Clara La Laguna","Solola",164.441327006594,2063.49437677773,2575.39184570312,0.712574850299401,NA,12616.7139066678,6915.04209505421,2507.65288838317,0.548085828545236,15.5810195199688,86.8164567595933,5.45299693754589
"19-15","Santa Cruz La Laguna","Solola",315.105794192377,1968.74694149747,2957.13330078125,0.275862068965517,NA,10837.5164857748,0,2319.27307466318,0,10.5825989347368,77.7979258234544,5.20821257438117
"19-16","Santa Lucia Utatlan","Solola",121.673895518573,2468.61964392196,2901.404296875,0.377358490566038,0,56099.2078642262,23636.6556775283,18744.7863085112,0.421336710042944,53.6707075712811,82.7618833962952,0
"19-17","Santa Maria Visitacion","Solola",175.567766559493,1959.49546178753,2374.0419921875,0.925531914893617,NA,6258.68438281426,0,2414.90180196509,0,16.9317161057101,89.4904371090066,6.82462618750852
"19-18","Santiago Atitlan","Solola",554.491300620376,1791.06071868443,3522.49926757812,0.897416974169742,1170,56857.6084440542,12152.1022304485,0,0.213728691075807,124.854436371757,72.4193838157801,14.6416221703741
"19-19","Solola","Solola",276.053423551947,2429.55005855987,3171.88696289062,0.461352657004831,0,124551.903693087,51139.1578670797,50326.6653784199,0.410585116331049,152.752801149023,68.7411332415031,0
"19-2","Nahuala","Solola",705.04325618069,2303.31581038391,3529.89575195312,0.558781532603522,999,100516.414961696,16381.7103529745,79442.8605264059,0.16297547379915,192.77661954315,81.4566469964697,0
"19-3","Panajachel","Solola",182.161710864597,1799.84276482404,2203.92846679688,0.474358974358974,NA,15142.081389291,12303.7637984589,2838.31759083207,0.812554330024971,7.13750654092023,69.9916167951972,7.26806728959224
"19-4","San Andres Semetabaj","Solola",164.570456313746,2210.22172165508,2828.71606445312,0.502479338842975,NA,35807.8750832728,29750.9303099898,3497.89478350392,0.83084880744257,55.8946685697401,64.6390712726267,0.763045777828829
"19-5","San Antonio Palopo","Solola",190.686085847064,1855.10542368612,2321.31616210938,0.182692307692308,NA,18782.8303304851,13478.5493823909,5304.28094809416,0.717599485553295,28.4547086107425,64.7910651357068,12.4389549429388
"19-6","San Jose Chacaya","Solola",96.6254479735292,2346.36282586681,2654.97509765625,0.445859872611465,NA,10568.5930008214,0,6810.50105442186,0,14.6257952119322,79.2175021035288,0.919246383357325
"19-7","San Juan La Laguna","Solola",262.611059007359,1974.97985419314,2689.92333984375,0.845945945945946,1211,25589.2334727284,2735.26237564177,11282.4471250846,0.106891141485612,33.9255480094895,86.2504026508197,8.58515063471628
"19-8","San Lucas Toliman","Solola",414.558471394646,1559.32152717675,2930.84130859375,0.852672750977836,1088,35272.027468651,25110.436510309,4930.20253984857,0.711907942706911,70.6458340649185,67.7348208038799,17.678142116945
"19-9","San Marcos La Laguna","Solola",188.206995740955,1911.47800639988,2585.6630859375,0.2,NA,4689.97629289158,0,2777.26096067139,0,7.55800120287886,82.9114998847709,4.67185828787327
"2-1","Cubulco","Baja Verapaz",385.083823484496,1430.69787400813,2479.00366210938,0.717030114226376,1216.8,234920.000457092,0,198056.600358356,0,530.867644932614,39.8269340273915,34.503104879339
"2-2","Granados","Baja Verapaz",431.244813449517,1363.16322779797,2432.68872070312,0.82480433473811,1133,51746.0002156103,0,25333.2105606284,0,152.779903925253,28.1492207492074,26.2423304767634
"2-3","Purulha","Baja Verapaz",530.402103742452,1122.60198610605,2369.3232421875,0.913528245787909,1687.75,208356.446338845,14215.754018065,162517.26502291,0.0682280499013037,370.813009164508,67.3619430136378,70.9295838290564
"2-4","Rabinal","Baja Verapaz",316.900289129752,1298.40675322654,2239.69409179688,0.632730455075846,1333.5,194298.285393228,5455.22234677044,133218.459443386,0.0280765336437733,314.555627260317,39.9611909750481,40.437820376663
"2-5","Salama","Baja Verapaz",499.62999385797,1443.86174389421,2878.9208984375,0.63941427699817,1369.8,271199.9851651,39512.742383919,121552.467021151,0.145695960712773,752.594768126464,28.5334471143685,32.8511581248238
"2-6","San Jeronimo","Baja Verapaz",428.45030957007,1630.56042836643,2628.00073242188,0.854533152909337,1301,157718.339995963,34431.4327787588,84244.9208333375,0.218309632092502,272.016313081955,47.2125253212958,51.6621071792641
"2-7","San Miguel Chicaj","Baja Verapaz",275.628788529409,1222.07023674747,2349.50341796875,0.375766423357664,1412,167546.122155414,18015.2244289699,118539.60479974,0.107523971293464,314.93491093568,40.2925104172147,43.0241567762477
"2-8","Santa Cruz el Chol","Baja Verapaz",387.688864338449,1240.72409685847,2114.68896484375,0.689683184402924,1224,58462.0292835104,0,41057.3150540681,0,113.061666146629,27.5275341991474,29.5740048823543
"20-1","Chicacao","Suchitepequez",442.592146806132,568.863113207729,2605.05322265625,0.724429727740986,965,129475.30252128,24121.7109204507,65369.3121096857,0.186303568717178,250.517145733706,85.0735774746986,16.6524234621069
"20-10","San Francisco Zapotitlan","Suchitepequez",64.5093878432467,644.176974534782,811.826599121094,0.463235294117647,NA,12711.5913557051,787.11479902108,3623.73877999207,0.0619210275877704,12.512569764406,111.091640713394,27.9022929628607
"20-11","San Gabriel","Suchitepequez",25.1518139776583,290.807162471193,344.6416015625,0.591463414634146,NA,14843.0874264708,6146.12869057098,1291.95583006388,0.414073468273867,15.0638107770689,107.004076534317,35.0413151756432
"20-12","San Jose El Idolo","Suchitepequez",43.9385565119785,105.689278545711,235.811660766602,0.228388473852721,NA,53968.8461393433,2133.86120586647,17949.3585502185,0.0395387590899572,86.1760784235005,99.4273156662099,37.4803965896304
"20-14","San Juan Bautista","Suchitepequez",143.850744581842,319.664450614953,776.633483886719,0.362186788154898,NA,23696.6731453307,10753.8600722311,7550.59191203176,0.45381307351788,39.4815589604664,75.7575642445434,31.7227078219684
"20-15","San Lorenzo","Suchitepequez",52.0267844483345,49.8219167463966,259.008972167969,0.076035882101666,756.333333333333,173850.889829128,1021.05330868141,78690.9502213099,0.00587315549368183,215.561548399714,111.910814352749,39.6392394527671
"20-16","San Miguel Panan","Suchitepequez",60.7945781762654,325.7283893568,493.331359863281,0.774305555555556,NA,20674.1719180672,12630.118377744,0,0.610912902717353,26.4312749092455,92.1122062179733,28.3433184550657
"20-17","San Pablo Jocopilas","Suchitepequez",82.8374491863081,651.741622976799,876.604858398438,0.845360824742268,NA,26993.175083992,14054.9048954192,12938.2701885728,0.520683648799592,27.0221061871141,99.3257632346201,23.070647741438
"20-18","Santa Barbara","Suchitepequez",330.36341586624,647.104189882237,2288.150390625,0.534022863364181,947.5,94610.6544677512,9513.08349666286,39577.649639659,0.100549811754082,169.217045067345,75.8230500030696,26.2243609623404
"20-19","Santo Domingo Suchitepequez","Suchitepequez",74.5863882225782,83.8500816186604,327.929382324219,0.188807663221578,785.75,219971.159010579,5752.08250812028,89043.2818531686,0.0261492576299226,364.391075856527,102.623674653033,34.5947609028249
"20-2","Cuyotenango","Suchitepequez",137.897750278239,135.943569304525,590.656860351562,0.114166666666667,826,88215.2783636959,46322.4767758623,28022.0637586463,0.525107188177573,221.359546466221,113.869595599668,31.8380671593728
"20-20","Santo Tomas La Union","Suchitepequez",76.9948067739385,773.746665140432,936.883117675781,0.758169934640523,NA,17318.3349218083,3226.44158496196,12976.9806702354,0.186302066539839,13.9169945775107,98.1834632679665,19.4550497722828
"20-21","Zunilito","Suchitepequez",386.855400202616,1203.2378440936,2888.07421875,0.937901498929336,NA,34203.5247394534,0,28767.4040926054,0,42.8976882015033,107.842311124757,17.1245127822947
"20-3","Mazatenango","Suchitepequez",113.623130021904,327.943228328025,528.721862792969,0.452830188679245,915,69679.6621735818,31591.2374595889,30715.1786441252,0.453378166227194,59.0942038806889,107.333156270772,31.7983613009948
"20-4","Patulul","Suchitepequez",325.902753997831,409.113550591207,2012.42492675781,0.57649667405765,822,94836.0282802098,45086.6004158565,33749.2421469128,0.475416371114152,250.383060034806,69.5334638786039,23.8353850996019
"20-5","Pueblo Nuevo","Suchitepequez",140.170470521795,783.754335829702,1098.37915039062,0.757322175732218,1114,44391.7257945326,0,31170.5749688865,0,21.9505116020764,112.804560383303,24.2878111121672
"20-6","Rio Bravo","Suchitepequez",61.8010453700236,171.807929823013,379.024261474609,0.332121212121212,827,86493.3183484198,15695.747201224,48387.7586963575,0.181467742259547,151.752103358216,86.0947597568972,36.0103679508912
"20-7","Samayac","Suchitepequez",64.4433246618642,602.012660565038,766.65087890625,0.577160493827161,NA,40788.0043743153,6431.62212368481,25477.2211062285,0.15768415793676,29.6427871084402,104.167820086433,27.3042813213445
"20-8","San Antonio Suchitepequez","Suchitepequez",90.591860165458,327.528281207938,544.116394042969,0.335302806499261,NA,52494.4924724449,30494.8736608824,21999.6188115624,0.580915677523497,61.9961022756725,97.5762146054796,26.6839864090848
"20-9","San Bernardino","Suchitepequez",56.5778631589073,388.20565949321,519.932861328125,0.504424778761062,954,22687.7415397924,6263.9766280292,8583.13932093321,0.276095203969188,20.800872515623,102.697646649981,29.7027029661189
"21-1","Momostenango","Totonicapan",393.900228412353,2215.16115743697,3204.73315429688,0.125032628556513,784.5,290470.134432108,34469.3500982523,175316.245636359,0.118667449807336,351.601187787038,102.594481537917,0
"21-2","San Andres Xecul","Totonicapan",154.4873152798,2620.75027859947,2866.26513671875,0.0616740088105727,NA,32095.2734799305,1684.34112500257,19566.7947390212,0.0524794133957389,21.1863060529949,110.564901474999,3.1204350728534
"21-3","San Bartolo","Totonicapan",115.562542836657,2089.3283605514,2435.01928710938,0.169779286926995,1236,61130.7701816948,0,51874.5067278263,0,53.5968224541602,112.569201166774,1.42023983818072
"21-4","San Cristobal Totonicapan","Totonicapan",144.187360671013,2537.98803848148,2826.02270507812,0.00433839479392625,NA,80236.7313627239,22428.6783461461,41508.8771688045,0.279531306487965,42.3080628880715,104.831751893518,0
"21-5","San Francisco El Alto","Totonicapan",111.483922261398,2633.74319289019,3021.16333007812,0.11577752553916,0,109263.778112028,20831.8251064511,70637.4283111172,0.190656276639933,81.0395193239333,105.279216461397,0
"21-6","Santa Lucia La Reforma","Totonicapan",73.7720391123398,1787.50909464009,2036.67407226562,0.0353159851301115,NA,57588.5617137808,0,41600.29256966,0,49.1887584295734,94.2595124515285,17.4772154237021
"21-7","Santa Maria Chiquimula","Totonicapan",283.585030642473,2221.38909114023,3089.98706054688,0.250403225806452,605.5,142776.422693138,0,105537.936348093,0,227.830960665449,88.7458766059425,3.85502212767349
"21-8","Totonicapan","Totonicapan",251.075532203003,2797.54933536529,3386.37036132812,0.559926470588235,0,200528.60942747,21024.4257612387,139120.148160878,0.104845018480234,249.674229737493,80.2801418408231,0
"22-1","Cabanas","Zacapa",219.502958858991,553.457552284854,1347.29357910156,0.651229273870783,1559,47614.1523684716,12887.4852159717,17421.301187022,0.270665013969782,161.593475698937,68.0029363708105,49.9462703736653
"22-10","Usumatlan","Zacapa",507.69081500503,659.68727391743,2364.62158203125,0.580425531914894,1583.5,68640.3772739427,18840.2053206203,41204.666684778,0.274477007103695,108.209552912307,78.5008820566476,62.3611655501136
"22-11","Zacapa","Zacapa",302.788080510852,587.197215542998,1682.3388671875,0.54037497679599,1778.25,263669.378670284,35993.7579294952,143527.128382461,0.136510952128821,495.820351802303,93.5467623334613,55.6617649455187
"22-2","Estanzuela","Zacapa",110.791821840053,247.641901077067,880.677124023438,0.123432979749277,1706,69400.9906889247,10631.7865704262,36155.8084050673,0.153193585061069,95.8576412089959,94.5742216338137,61.3037380885365
"22-3","Gualan","Zacapa",367.754470054242,535.566653118052,2000.92358398438,0.818562456385206,1729,422412.936899764,73362.1125037439,315439.403617049,0.173673924482934,790.657851028734,119.507644781643,82.0861369718716
"22-4","Huite","Zacapa",306.016462897089,651.74583883646,1476.03247070312,0.439425051334702,1726,40374.3944429736,8859.73215101831,27433.4871474631,0.219439381648985,89.7234789169039,85.4110132734885,53.2998365032257
"22-5","La Union","Zacapa",255.427201572501,985.771269937368,1693.19506835938,0.773150199379708,1816.5,114548.372890827,7878.95090335233,68790.1074554584,0.0687827395930063,208.398088643779,120.178098579278,68.4067600276753
"22-6","Rio Hondo","Zacapa",702.455308472681,1100.20413223211,2923.74853515625,0.812770339855819,1574.33333333333,153218.127413097,37524.0534957208,100818.062133915,0.244906096486552,446.758839028955,93.4385121953476,68.2689565480127
"22-7","San Diego","Zacapa",178.150206581067,921.407716632644,1498.10559082031,0.588039867109635,1682,54104.6658114188,0,38346.4092020615,0,110.420543656241,73.9182359679516,40.0449170958031
"22-9","Teculutan","Zacapa",758.181715799229,1330.70150411632,2946.38208007812,0.776019983347211,1386.66666666667,94079.2517560046,15997.4596103693,56057.4019657017,0.170042377163659,219.98262396198,84.4271981398854,64.4308894057882
"3-1","Acatenango","Chimaltenango",495.579396696853,1747.90749338727,3963.18823242188,0.842257597684515,1036.5,96557.0793540728,12802.8012119763,28002.8791029061,0.132593086883134,127.337223478282,42.191488710164,5.49581392070519
"3-10","San Juan Comalapa","Chimaltenango",104.112811276665,2115.05734004285,2518.1298828125,0.621276595744681,1215.5,61708.4413465095,9773.75053834251,15753.3239123355,0.158385957011299,86.0103665023029,40.2868802389946,1.5328354947562
"3-11","San Martin Jilotepeque","Chimaltenango",339.387004245907,1578.68076020304,2300.75341796875,0.695078299776286,1110.4,144938.680461011,18319.1185540743,50141.9314190207,0.126392199072091,410.807049269238,29.0583825612965,6.72946967003679
"3-12","Santa Apolonia","Chimaltenango",221.539162144131,2262.90004815908,2676.83447265625,0.667368421052632,0,33614.8799878083,13055.780225889,20559.0997619193,0.388392885252727,44.168227062014,49.8819330926042,0
"3-13","Santa Cruz Balanya","Chimaltenango",55.5430144034042,2091.35455406721,2261.5068359375,0.225663716814159,NA,21278.7293243924,5838.14791786154,9968.28069484113,0.27436543925436,20.3695811301047,45.7007382823723,0
"3-14","Tecpan","Chimaltenango",309.92660421795,2263.63121554248,3071.54711914062,0.697649947386882,790,179556.504306292,22619.994304298,104235.896172393,0.125977025403169,262.297650386313,49.7786364083871,0
"3-15","Yepocapa","Chimaltenango",618.139358117318,1236.1145760334,3917.37426757812,0.864475461503827,1017.5,105024.179862802,0,47835.3023575606,0,204.603923319552,45.0379754893531,12.6970774293468
"3-16","Zaragoza","Chimaltenango",113.772594801357,1994.28312451617,2345.6611328125,0.482820976491863,NA,38332.1161955225,18436.0156091334,12889.8713546338,0.480954808628251,51.0228719654043,37.4097157184732,0
"3-2","Chimaltenango","Chimaltenango",135.906478207876,1738.1089994377,2041.22766113281,0.586991869918699,1162,58632.0460367215,28080.5394947656,4445.49827055765,0.478928186766306,56.4936119895522,31.7889823004937,0
"3-3","El Tejar","Chimaltenango",94.8633921183429,1767.54742036515,1993.96459960938,0.383474576271186,1170,55068.6888672209,17906.2649874829,27720.10729042,0.325162362784006,43.447367694673,30.3225317207223,0
"3-4","Parramos","Chimaltenango",200.755445966899,2007.08618794473,2486.45532226562,0.374558303886926,NA,28956.9233081036,6616.22585769035,4349.82403440767,0.228485111739713,26.5303376600965,33.4605253190018,2.33292696920621
"3-5","Patzicia","Chimaltenango",145.699993512064,2115.81529512574,2636.92065429688,0.435860058309038,NA,44365.282847828,31094.5972686131,9655.85185916824,0.700876795382256,63.4489282839362,44.8553812508238,0
"3-6","Patzun","Chimaltenango",293.481540948498,2110.82140252249,2765.37890625,0.595249636451769,1094,98418.0990464202,18876.8614409694,39626.8166842565,0.191802743843548,189.278046297237,50.6554032394918,1.55532376956808
"3-7","Pochuta","Chimaltenango",415.40339142797,1070.72832500423,2522.19116210938,0.895123580494322,935.5,81946.9437496987,0,41928.9433743236,0,137.969326893285,56.1035591755086,9.94783838255118
"3-8","San Andres Itzapa","Chimaltenango",219.109524206884,2133.02727519735,2650.60424804688,0.657263751763047,1227,57600.7681804415,6019.75510191014,11402.3617658474,0.104508243415305,65.0419953887246,35.692142698993,0
"3-9","San Jose Poaquil","Chimaltenango",224.552231304173,1822.42949191007,2395.611328125,0.753609239653513,NA,43743.8098015028,1934.26528807526,34091.7175462518,0.0442180344339556,95.2260126468467,44.565392586144,5.20983446358196
"4-1","Camotan","Chiquimula",222.85078982483,841.525391940656,1566.50830078125,0.872413793103448,1789.5,151547.295333957,0,111779.617343476,0,240.520593949708,120.999240431219,60.5568647321915
"4-10","San Jose la Arada","Chiquimula",224.145866740719,763.332924384966,1436.0625,0.570261437908497,1780.5,51377.0075955541,13516.8171266969,33218.7154866178,0.263090782419694,112.768891152374,88.5528284218252,34.5747180142832
"4-11","San Juan Ermita","Chiquimula",250.948637151609,1027.52992849645,1660.76684570312,0.641280353200883,1704,64091.0491660354,7344.98782479023,40403.1107728526,0.114602396440136,83.5304492568207,108.616550926797,45.4469341295122
"4-2","Chiquimula","Chiquimula",371.180401149495,826.974310061517,1815.70764160156,0.420101781170483,1790.5,216402.117262033,64235.9932453171,106056.270385912,0.296836251225473,363.210160029978,81.4038450547607,39.7157723483934
"4-3","Concepcion Las Minas","Chiquimula",408.214784819876,1059.2434048719,2389.07641601562,0.563667970447632,1623,125743.15159414,35695.9520906293,72959.7700522512,0.283879890380391,213.197594849973,101.788053991845,22.8296629030871
"4-4","Esquipulas","Chiquimula",283.86465640146,1019.40408192399,2176.91870117188,0.658336441626259,1775.33333333333,193678.260339707,15837.4429890821,135196.635443812,0.081771918858129,494.631673733222,114.717792732857,37.4819401091011
"4-5","Ipala","Chiquimula",117.534962445368,907.850843550424,1615.95275878906,0.242826552462527,1756,131000.658174772,23375.5760250732,64211.8436285093,0.178438615124263,215.464525801466,85.8171685637423,19.0564567215093
"4-6","Jocotan","Chiquimula",292.888781277657,903.171386363018,1729.98303222656,0.67869096318334,1813.25,144700.647935279,10809.8088289196,110466.780874195,0.0747046332076862,247.964845980021,109.282142480963,53.4149749075416
"4-7","Olopa","Chiquimula",202.383609536844,1144.32830144615,1682.384765625,0.69432684165961,1758,107173.24756648,0,63884.9157640635,0,108.919128163972,119.15058903612,48.9853358567729
"4-8","Quetzaltepeque","Chiquimula",303.14113584609,1038.0334860824,1892.17749023438,0.667934575884367,1702,123820.01310053,29176.9115857031,52696.4675016701,0.235639706821985,241.967780957771,99.2916494666408,26.5361296609489
"4-9","San Jacinto","Chiquimula",185.870045265407,773.076451701716,1301.3203125,0.311170212765957,NA,34488.8537357634,7894.11696385337,17607.5231566363,0.228888933924398,68.8273611004736,99.9054606471987,34.2777779886679
"5-1","El Jicaro","El Progreso",239.602433281297,530.683763222441,1229.17114257812,0.672559569561875,1463,57783.8653052723,25514.6729722674,28574.1797200165,0.441553586584652,119.554974423622,56.003740005469,55.853835457793
"5-2","Guastatoya","El Progreso",268.81642539885,708.519183986633,1789.18994140625,0.566725197541703,1267,105862.785613589,23981.3043313837,61907.8832393091,0.226531960144316,208.759171067108,41.0365849525189,44.2366293034147
"5-3","Morazan","El Progreso",457.656933049307,853.895457226502,2639.57470703125,0.661011624253849,1380.5,145732.735867139,41621.3831648474,88382.4208528093,0.2856007808897,293.425539732806,33.6971374339624,38.2797901135057
"5-4","San Agustin Acasaguastlan","El Progreso",654.635146003266,1027.28653965286,2934.48754882812,0.713280562884784,1451.25,218817.852294964,75696.3283905508,120923.518313644,0.345933056177303,313.590860685869,53.0399023791909,56.0871155415976
"5-5","San Antonio La Paz","El Progreso",249.460571657824,1110.22679907027,1853.64172363281,0.472303206997085,1192.5,84688.0651783469,19132.6507632054,28744.5529991447,0.22591909170334,126.711439875992,20.3645852456504,23.582389169441
"5-6","San Cristobal Acasaguastlan","El Progreso",764.900759900361,1223.83756085871,2963.47778320312,0.853375055878409,1454.5,74984.2610601787,13873.9932815045,61110.2677786742,0.185025405136285,206.584400284093,67.9086563870397,61.708962285823
"5-7","Sanarate","El Progreso",204.314674925091,800.147861683913,1474.09143066406,0.400264637777043,1195.8,173791.405814396,42479.0459899811,82283.724683463,0.244425469665327,277.863629098319,25.1711429407888,29.8042542390837
"5-8","Sansare","El Progreso",271.518469220999,1018.83941740593,1954.96655273438,0.730117340286832,1432,81406.8259285972,16533.1573818909,43338.6455462823,0.20309301085381,141.17422769098,33.1129500591314,33.923040959791
"6-1","Escuintla","Escuintla",425.576661550749,515.262419702976,3516.37109375,0.576425986558676,892,230299.647696944,116990.398311129,72898.6447787802,0.507992085446344,534.021750016936,38.246509690581,17.9535031483833
"6-10","San Vicente Pacaya","Escuintla",486.335813286626,1117.04270830499,2567.23901367188,0.765249537892791,1029,73980.7998742207,5727.92401371412,29325.5524992463,0.0774244672057143,149.69319686366,25.695151600753,11.6389413493277
"6-11","Santa Lucia Cotzumalguapa","Escuintla",183.972045226271,259.115128185843,936.433288574219,0.336121377163976,819.166666666667,252907.322574064,50166.9368809985,104041.679717746,0.198360950447795,473.23724756136,59.0308799242099,23.198052208828
"6-13","Siquinala","Escuintla",132.260345428619,412.771421803056,856.626953125,0.658407079646018,833,87401.1986348641,29850.2430897301,40450.6285766145,0.341531278242938,103.976448337606,53.4842057737413,26.088342111303
"6-14","Nueva Concepcion","Escuintla",27.5232958383773,42.9460534919201,163.457489013672,0.158874421043433,714.615384615385,433341.325494663,116724.853826052,288129.630784592,0.269360079361944,1055.94327916991,84.1018238014087,43.4806376488465
"6-2","Guanagazapa","Escuintla",305.494704236734,241.31224456675,1911.38452148438,0.495033112582781,767.6,169843.740424883,19814.4636926785,72569.0484363177,0.116662902283654,390.730470383666,38.1289843784378,13.9619699966049
"6-3","Iztapa","Escuintla",4.37890048076895,8.49965529951917,34.5339546203613,0.138473053892216,684.666666666667,71453.0916505363,27522.9592106586,25473.4962012103,0.385189200003664,122.893080006695,66.6520448634644,39.3198479313978
"6-4","La Democracia","Escuintla",59.1222530664693,102.121779657598,288.329528808594,0.287543655413271,741.5,132566.965369711,28648.0954761027,64188.5724685049,0.216102823174742,237.466961553335,60.2560569784813,38.8402092400513
"6-5","La Gomera","Escuintla",20.5737356091938,26.7307768884541,121.899688720703,0.205425430210325,693.1,467260.669199655,45716.3336333024,257832.065918998,0.097839036423946,771.781987782906,73.0689145119241,50.1633848299908
"6-6","Masagua","Escuintla",36.6938929612309,56.7025196575924,188.172210693359,0.335799424578709,708.166666666667,234578.708441383,60396.0592468463,97544.7185099169,0.257466074598745,448.827212481251,56.0781550893528,37.1273883374811
"6-8","Palin","Escuintla",404.955460649351,1213.48067881715,3610.5185546875,0.753415300546448,990,47061.2491203414,46461.4882172062,599.760903135252,0.987255737696176,134.089934555027,25.4139105407895,13.711017814004
"6-9","Puerto San Jose","Escuintla",8.63880875139498,16.0045421012759,68.7339248657227,0.239624119028974,691.5,231759.880991618,49255.6026489343,99919.1574174556,0.212528598298321,354.779758945231,74.2996239812785,47.7723740661009
"7-1","Amatitlan","Guatemala",208.050560500825,1422.7771706829,2335.14916992188,0.322222222222222,1014,100505.737991399,46517.4000300393,22070.4694100357,0.46283327658387,91.683588213759,19.3952043656206,6.30903496430283
"7-10","San Juan Sacatepequez","Guatemala",344.315436311182,1461.28457544668,2209.49194335938,0.639879959986662,1151.5,169515.993951153,41881.8965164513,67364.9458198725,0.247067521714322,275.97504260057,10.836083750997,4.03589379605527
"7-11","San Miguel Petapa","Guatemala",33.2864187246155,1269.95005492387,1440.50207519531,0.143478260869565,NA,25847.8792869756,24537.5678463857,1310.31144058991,0.949306810588126,21.2538504030052,11.8412447042729,4.55516768465589
"7-12","San Pedro Ayampuc","Guatemala",235.894908445838,1108.78811898873,1618.01196289062,0.626348228043143,1186,51678.3146602958,0,27382.8426275689,0,119.178787046835,8.86179293584716,13.9655864930552
"7-13","San Pedro Sacatepequez","Guatemala",351.759921708031,1741.31658086714,2253.18823242188,0.642384105960265,1045,46192.0979127012,19053.2158621161,17863.5838170614,0.412477820300021,41.7364430789191,10.3203105320704,3.97275446801487
"7-14","San Raymundo","Guatemala",298.753046798553,1291.14347489937,1794.72888183594,0.519838056680162,1128,65942.6150646263,14223.3946834926,30919.716319282,0.215693518820161,113.597184748083,12.328486717393,9.86545867359114
"7-15","Santa Catarina Pinula","Guatemala",113.901537076764,1810.06252712229,2025.73962402344,0.46875,1191,42716.3028594596,14740.5324505572,18715.3914869997,0.345079781343784,49.6718721840656,4.5152635745337,0
"7-16","Villa Canales","Guatemala",284.247394731463,1291.39476963542,2543.009765625,0.453465893399613,1106.25,221788.494713357,108388.484072999,101715.480263694,0.488702014110705,333.249562114179,7.50271598845008,0
"7-17","Villa Nueva","Guatemala",136.463163323854,1440.03985697938,2011.63500976562,0.0571776155717762,1106,92344.4535483304,68513.7405432172,16353.9738041613,0.741936715315112,75.7099639851609,10.1732792150145,1.88332590931863
"7-2","Chinautla","Guatemala",130.403156005371,1372.88293394016,1669.7431640625,0.478547854785479,1071,54416.8700666761,18985.5378978428,5870.08199646197,0.348890663402363,55.6107437662946,5.08233780794873,7.2379782780805
"7-3","Chuarrancho","Guatemala",237.535195948547,835.423911155365,1466.85009765625,0.348837209302326,1171,61830.1331909214,5081.2270683114,36591.0844209134,0.0821804321951143,106.547409594135,19.1796215232987,19.5621646732777
"7-4","Ciudad de Guatemala","Guatemala",110.764656962252,1465.73363699042,1878.41955566406,0.244116473873155,1071,230256.968616695,137365.934493862,79632.0108713465,0.596576665275798,230.919249211464,0,0
"7-5","Fraijanes","Guatemala",195.444469000758,1650.10105878512,2005.23168945312,0.721105527638191,1113,56285.4509964197,12002.3269303796,14875.7068531652,0.213240308426116,110.211970598758,10.8063508095783,0.0586349789280744
"7-6","Mixco","Guatemala",165.553885016283,1607.81550643997,2212.453125,0.123661148977605,1203,92225.0063414231,52170.3290910254,17193.9107816264,0.565685286026302,94.6332654440037,6.35248287947898,0
"7-7","Palencia","Guatemala",343.379128525061,1459.86909375096,2395.02661132812,0.716959064327485,1143.75,126436.76839202,20943.4682001606,55273.1984747876,0.165643811262441,236.084687688669,8.07731635196987,7.91299637334351
"7-8","San Jose del Golfo","Guatemala",144.508717920529,852.878016604945,1268.69458007812,0.468468468468468,1141,50381.0512126344,0,36962.2411077457,0,71.5053919821468,15.4606806157662,20.0118784733733
"7-9","San Jose Pinula","Guatemala",268.112209821561,1929.81109769674,2559.14599609375,0.813827160493827,1170,137302.289729285,3818.74490040832,80190.0873854939,0.0278126818419243,186.837925642437,7.96843335164122,4.05928187479175
"8-1","Aguacatan","Huehuetenango",580.130353008513,2264.81632898729,3350.77954101562,0.451915559030493,719,147052.731741013,0,125768.401095638,0,235.017941680827,105.160156188647,13.2878562789025
"8-10","Malacatancito","Huehuetenango",146.555039327877,1923.54302263933,2431.060546875,0.131468237273875,1174,339990.593157757,40255.9686077931,286257.409050362,0.118403183552535,436.202471847662,112.588098720873,0
"8-11","Nenton","Huehuetenango",557.770739388431,1508.5609248967,3092.36987304688,0.549461641991925,918,324934.238784875,0,198547.33067888,0,815.288904548773,176.380698702918,25.1137341696055
"8-13","San Antonio Huista","Huehuetenango",309.14652384047,1465.00566297632,2278.07495117188,0.886530612244898,967,103007.102878252,0,82168.9582631353,0,111.680301577166,171.996632944204,8.58234888847874
"8-14","San Gaspar Ixchil","Huehuetenango",186.971406244226,1791.11778875447,2322.89404296875,0.409313725490196,NA,47106.4091233844,11121.3195716722,35985.0895517123,0.236089308835713,37.3734672458984,151.453454607661,0
"8-15","San Ildefonso Ixtahuacan","Huehuetenango",325.55034179587,1814.74667868642,2889.17431640625,0.335342077277561,1123.33333333333,196762.772964672,22709.1934197438,139162.693794363,0.115414074916606,259.382453135721,154.285380361933,0
"8-16","San Juan Atitan","Huehuetenango",361.890914157431,2925.28117859772,3771.22924804688,0.426877470355731,0,37416.0474915172,0,18421.7068574925,0,69.8721936792228,147.733960678383,2.72066124566727
"8-17","San Juan Ixcoy","Huehuetenango",448.271043889757,2217.03197042885,3080.13549804688,0.830640958832725,532.5,104007.735262615,0,84082.9536874143,0,175.802816924032,136.693680986483,28.0048320740226
"8-18","San Mateo Ixtatan","Huehuetenango",624.681308187447,1993.41122272349,2971.55297851562,0.840628984275393,671.333333333333,161502.935610195,0,106948.877185254,0,429.598374470145,161.585889934597,48.7480856978531
"8-19","San Miguel Acatan","Huehuetenango",407.348507832032,2070.80275142744,2974.53051757812,0.714663143989432,536.5,82065.9808323429,0,63511.5589083251,0,138.790597065021,159.313505072752,29.1392718283383
"8-2","Chiantla","Huehuetenango",487.028339586288,2788.77547154815,3598.06323242188,0.491400931565747,319.142857142857,305106.595269712,18134.7040819196,257253.382860488,0.059437273277848,511.670047171442,125.129551356103,7.35940347511776
"8-20","San Pedro Necta","Huehuetenango",334.196119610089,1927.84500179887,2761.36987304688,0.979511426319937,1106.5,75459.4807406573,0,72631.5709125683,0,115.468126901036,160.400904665412,3.06117898068537
"8-21","San Pedro Soloma","Huehuetenango",407.458050523223,2363.59547810091,3077.58374023438,0.838141025641026,533.5,70417.5329605239,0,61176.1527036455,0,113.976120730769,147.243209488745,34.0194940301341
"8-22","San Rafael La Independencia","Huehuetenango",156.780856310317,2709.66175696163,3072.978515625,0.722007722007722,NA,29365.0363497701,0,7266.88854970047,0,47.4261962850165,159.335218368822,35.3904363321138
"8-23","San Rafael Petzal","Huehuetenango",299.057286777234,2095.41710635988,2893.9580078125,0.714285714285714,NA,34351.8005067563,4625.71472935757,28330.7451508711,0.134657126005602,36.9589670808745,150.018697815238,0
"8-24","San Sebastian Coatan","Huehuetenango",506.001298346356,2464.6727059593,7416.927734375,0.656267409470752,0,139579.281860115,0,112703.304910499,0,163.500594859627,166.27603086949,33.6402904175491
"8-25","San Sebastian Huehuetenango","Huehuetenango",546.363934484969,2904.45102557446,3822.60693359375,0.180995475113122,0,90564.2459427417,270.101203461444,48237.0898591738,0.00298242646035183,121.024233940874,138.350845371281,0.4124974972971
"8-26","Santa Ana Huista","Huehuetenango",124.502994652586,803.617382717468,1403.11560058594,0.256716417910448,957.5,128365.148958129,0,94298.7453913653,0,214.303465854214,180.809710987987,8.30487102482642
"8-27","Santa Barbara","Huehuetenango",193.015031494355,2021.0331074574,2554.76342773438,0.435127478753541,1191,123093.514523411,16059.9971495421,95594.8490422384,0.130469888781084,161.728529419077,137.295981270492,0
"8-28","Santa Cruz Barillas","Huehuetenango",534.086121808431,696.158626247708,8874.6650390625,0.711068318821165,939.538461538462,219579.068695008,0,128722.481539145,0,1091.23171825104,143.960204366586,53.8718890696761
"8-29","Santa Eulalia","Huehuetenango",671.464709839595,1579.82610814445,12100.4814453125,0.819465844889574,838.2,165892.473755791,0,135734.094900788,0,356.417026956589,137.036940158892,42.134393721865
"8-3","Colotenango","Huehuetenango",278.707166104192,2297.64652482039,2909.8896484375,0.858712715855573,1193,59537.2718493893,12032.5497973334,43338.4135339752,0.202101127975296,58.2484625944775,154.44631191129,0
"8-30","Santiago Chimaltenango","Huehuetenango",284.470828927748,2272.53484999425,3012.87353515625,0.969441517386723,NA,65547.9386921289,0,41231.6453961855,0,86.7917520796211,155.384288734838,8.28857200926525
"8-31","Tectitan","Huehuetenango",442.062150905494,1747.03613911315,2991.3623046875,0.371610169491525,1059,137377.437559997,0,98108.6704028292,0,216.159307994761,177.041621343352,20.0533075151319
"8-32","Todos Santos Cuchumatan","Huehuetenango",468.896752831465,3113.28974296451,5061.48095703125,0.352146814404432,228,145034.906022869,0,123259.545374464,0,264.241636519204,144.45324966313,13.4518504224367
"8-4","Concepcion Huista","Huehuetenango",688.199588646204,2304.75037210586,10831.5927734375,0.760364842454395,NA,87549.8550084089,0,69297.029614428,0,110.749751690538,157.129977429388,16.7155233291456
"8-5","Cuilco","Huehuetenango",568.259656599892,2102.37852347439,4486.21923828125,0.639663865546218,933.75,299113.543745826,5266.79712952489,261762.367742526,0.0176080195619641,544.564672183459,169.780361122077,0
"8-6","Huehuetenango","Huehuetenango",203.379156670261,1887.97663110894,2647.02587890625,0.0769620253164557,1143.5,117488.84059711,6423.73531745481,72017.317436761,0.0546752805186234,181.411376987921,111.15358517609,3.1881802058119
"8-7","Jacaltenango","Huehuetenango",439.834442317248,1323.02431097532,2462.41772460938,0.591944886062533,1041.5,107769.542647529,0,80534.572911694,0,172.564400634933,168.015996240675,19.2514859602219
"8-8","La Democracia","Huehuetenango",397.120275966591,1172.2441479795,2670.84692382812,0.516839378238342,1006.66666666667,147247.284832473,37238.1373863706,73614.1038115694,0.252895239655777,283.003344233661,170.169350737858,0
"8-9","La Libertad","Huehuetenango",434.603765124438,1390.82164406439,2770.1376953125,0.685024154589372,1020,98918.8368732722,26736.9725714738,70453.238459205,0.270292023406294,94.5648506917767,171.897077628009,0
"9-1","El Estor","Izabal",420.693795157371,413.797049021338,2542.08764648438,0.823485871032351,1667.40740740741,354261.288696149,0,261350.475549257,0,2113.26152777347,109.895345538554,88.0729134245949
"9-2","Livingston","Izabal",214.049053313523,189.003984610735,1095.32971191406,0.815983500902294,1668.45833333333,436883.237520546,69905.0458173196,294674.683849954,0.160008532746766,1779.03754833884,158.723632342451,145.845455514736
"9-3","Los Amates","Izabal",259.971173076743,300.257973827523,1474.8251953125,0.616916732473458,1682.30769230769,413179.704873977,67996.5031201672,329196.974882741,0.164568836073172,1048.24749237314,149.331296646616,98.9511632834383
"9-4","Morales","Izabal",269.808080106873,237.55676325776,1313.1552734375,0.561159465340379,1680,284958.412072122,70725.3370616999,164683.710355192,0.248195294700756,1326.73636720032,178.19162022291,131.095049538467
"9-5","Puerto Barrios","Izabal",213.143418220424,125.958622159163,1270.23120117188,0.837518805693785,1629.125,391826.614903181,58533.3215543951,280738.381498079,0.149385772502612,1804.48953344719,190.382757858951,153.338664963748
